residue_id,resname,delta_G_kJmol,delta_G_kcalmol
13,THR,0.0000,0.0000
17,LEU,0.0000,0.0000
77,TYR,0.0000,0.0000
78,ASP,-52.4736,-12.5415
79,TRP,0.0000,0.0000
80,THR,0.0000,0.0000
81,GLY,0.0000,0.0000
82,LYS,11.7759,2.8145
83,ASN,-0.0025,-0.0006
84,TRP,0.0000,0.0000
85,VAL,0.0000,0.0000
86,TYR,0.0000,0.0000
87,SER,0.0000,0.0000
88,HIS,0.0000,0.0000
89,ASP,-67.3391,-16.0944
90,GLY,-0.0034,-0.0008
91,VAL,-0.0171,-0.0041
92,SER,-0.0241,-0.0058
93,LEU,0.0000,0.0000
94,HIS,-0.0005,-0.0001
95,GLU,-164.2343,-39.2529
96,LEU,0.0000,0.0000
97,LEU,0.0000,0.0000
98,ALA,-0.0003,-0.0001
99,ALA,0.0000,0.0000
100,GLU,-45.2417,-10.8130
101,LEU,0.0000,0.0000
102,THR,0.0000,0.0000
103,LYS,16.9607,4.0537
108,LYS,14.4926,3.4638
109,LEU,0.0000,0.0000
110,ASP,-73.9933,-17.6848
111,LEU,-0.0001,-0.0000
112,SER,-0.0127,-0.0030
113,SER,0.0000,0.0000
114,LEU,0.0000,0.0000
115,ALA,0.0000,0.0000
116,TYR,0.0000,0.0000
117,SER,-0.0071,-0.0017
118,GLY,-0.0478,-0.0114
119,LYS,-100.1049,-23.9256
